blocker_id,affected_stage,affected_area,missing_evidence,exact_required_artifact,acquisition_method,required_tool,required_license,acceptance_criteria,numeric_implementation_impact,owner,status,ea_enablement_reference,ea_status_note
BLK-S1-001,DS-01,Target-standard metadata facets,Official titles colophons publication metadata versions publisher and volume identity,Licensed per-volume title and colophon manifest with checksums and DS-01 evidence locators,Human-read authorized copies and cross-check official issuance metadata,PDF viewer evidence register and SHA-256 tool,Authorized R7 access,Every current facet has an exact identity edition locator checksum and recorded decision,BLOCKS_NUMERIC_RELEASE,Standards Owner,BLOCKED_WITH_EXACT_EVIDENCE_REQUIREMENT,EA-00 inventory; licensed R7 capture BLOCKED,POST-EA-01 fixed five local PDF checksums only; official colophon/issuing-body/errata evidence still missing; resolved canonical blockers 0
BLK-S1-002,DS-02,JIS identities and editions,All 34 historical gap identities editions citation relations and equivalence decisions,Per-row primary JIS packages and supervisor decisions linked to JIS-001 through JIS-034,Licensed source acquisition plus human identity and edition review,JIS source access PDF viewer and SHA-256 tool,Authorized JIS access,Every applicable row has exact standard edition locator relation and decision,BLOCKS_NUMERIC_RELEASE,JIS Owner,BLOCKED_WITH_EXACT_EVIDENCE_REQUIREMENT,EA-00 inventory; JIS primary source BLOCKED,POST-EA-01 local survey found no primary JIS packages; resolved canonical blockers 0
BLK-S1-003,DS-01,Supporting-manual edition map,R7 relationship of R2 steel and H31 bearing manuals and permitted topic scope,Publisher preface evidence and explicit Phase 1 citation-scope decision for each manual,Human-read authorized manual prefaces and record edition map,PDF viewer evidence register and SHA-256 tool,Authorized supporting-manual access,Every supporting manual has an edition relationship and approved limited role,BLOCKS_NUMERIC_RELEASE,Standards Owner,BLOCKED_WITH_EXACT_EVIDENCE_REQUIREMENT,EA-00 inventory; supporting-manual capture BLOCKED,Status unchanged after EA-00..05; enablement/tooling distinct from closure; resolved canonical blockers 0
BLK-S1-004,DS-04/DS-05,Numeric adoption,Per-quantity source locators for loads factors equations and limits,Verified R7 clause/table package and adoption decision for every engineering quantity,Human visual source review then independent register transcription,Authorized standards source evidence register and checksum tools,Authorized R7 access,Every adopted engineering numeric has exact source locator unit applicability and decision,BLOCKS_NUMERIC_RELEASE,Supervisor,BLOCKED_WITH_EXACT_EVIDENCE_REQUIREMENT,EA-00 inventory; DS-04/05 numeric locators BLOCKED,Status unchanged after EA-00..05; enablement/tooling distinct from closure; resolved canonical blockers 0
BLK-S1-005,DS-03,Material property adoption,Resolved JIS product grade plus R7 reference chain for material values,Per-property primary-source manifest for MAT-DS03 rows,Clear JIS identities then human-review R7 material references,Authorized JIS/R7 source evidence register and checksum tools,Authorized R7 and JIS access,Each in-scope property has source locator edition unit applicability and decision,BLOCKS_NUMERIC_RELEASE,Material Owner,BLOCKED_WITH_EXACT_EVIDENCE_REQUIREMENT,EA-00 inventory; DS-03 material sources BLOCKED,Status unchanged after EA-00..05; enablement/tooling distinct from closure; resolved canonical blockers 0
BLK-S1-006,DS-01 through DS-05,Traceability locators,Verified page table and clause locators for every adopted record,Human-verified locator manifest linked to each adopted register row,Review image-export pages manually without OCR-only promotion,PDF viewer evidence register and checksum tools,Authorized source access,Every adopted record resolves to exact edition page table or clause evidence,BLOCKS_NUMERIC_RELEASE,Standards Owner,BLOCKED_WITH_EXACT_EVIDENCE_REQUIREMENT,EA-00 inventory; cross-register locators BLOCKED,Status unchanged after EA-00..05; enablement/tooling distinct from closure; resolved canonical blockers 0
BLK-S1-007,DS-01,Historical Apollo baseline,Decision on historical Apollo edition versus current target and traceability-label impact,Signed historical-baseline decision with supporting Apollo manual edition evidence,Supervisor workshop with frame team and lawful manual review,Document review facility and checksum tool,Authorized Apollo manual access if required,All historical labels have a documented non-normative relationship to the current target,BLOCKS_NUMERIC_RELEASE,Supervisor,BLOCKED_WITH_EXACT_EVIDENCE_REQUIREMENT,EA-00 inventory; supervisor decision BLOCKED,Status unchanged after EA-00..05; enablement/tooling distinct from closure; resolved canonical blockers 0
BLK-S1-008,DS-01 through DS-05,Image-export source quality,Human-verified locators for cited image-export pages,Per-citation visual review log or approved searchable replacement manifest,Manual page review and two-person locator confirmation,PDF viewer evidence register and checksum tools,Authorized source access,Every cited image page is visually verified and checksum-bound,BLOCKS_NUMERIC_RELEASE,Evidence Owner,BLOCKED_WITH_EXACT_EVIDENCE_REQUIREMENT,EA-00 inventory; image-export locator review BLOCKED,Status unchanged after EA-00..05; enablement/tooling distinct from closure; resolved canonical blockers 0
BLK-S1-009,DS-00/DS-01,Evidence rights,Internal-use and redistribution rights for evidence extracts,Written receiving-organization compliance decision linked to package license terms,Legal and organizational compliance review,Compliance record facility,Organizational authority,Permitted storage access and redistribution scope is explicit for every retained extract,BLOCKS_EVIDENCE_DISTRIBUTION,Receiving Organization,BLOCKED_WITH_EXACT_EVIDENCE_REQUIREMENT,EA-00 inventory; organizational compliance BLOCKED,Status unchanged after EA-00..05; enablement/tooling distinct from closure; resolved canonical blockers 0
DTR-06,DS-01,R7 errata,Per-volume publisher or MLIT errata status and dated sheets,Official per-volume errata manifest linked to edition rows,Review official support pages and licensed publisher bulletins,Browser PDF viewer evidence register and checksum tools,Authorized R7 access,Every volume has current dated errata state checksum and application decision,BLOCKS_NUMERIC_RELEASE,Standards Owner,BLOCKED_WITH_EXACT_EVIDENCE_REQUIREMENT,EA-00 inventory; R7 errata capture BLOCKED,Status unchanged after EA-00..05; enablement/tooling distinct from closure; resolved canonical blockers 0
PKG-R7-V,DS-05,Verification provisions,Licensed clauses tables equation forms comparison rules and resistance factors,Per-row R7 verification evidence package for DS-05 registers,Human visual confirmation and independent transcription review,PDF viewer independent calculation and checksum tools,Authorized R7 access,Every released verification row has complete clause table equation factor and comparison trace,BLOCKS_NUMERIC_RELEASE,Verification Owner,BLOCKED_WITH_EXACT_EVIDENCE_REQUIREMENT,EA-00 inventory; DS-05 verification packages BLOCKED,Status unchanged after EA-00..05; enablement/tooling distinct from closure; resolved canonical blockers 0
PKG-DS03,DS-05,Adopted material inputs,Adopted material design values required by resistance checks,Closed DS-03 source packages linked to each DS-05 use,Acquire and approve BLK-S1-002 and BLK-S1-005 evidence then map rows,Authorized standards evidence and checksum tools,Authorized R7 and JIS access,Resistance calculations reference only adopted source-complete material rows,BLOCKS_NUMERIC_RELEASE,Material Owner,BLOCKED_WITH_EXACT_EVIDENCE_REQUIREMENT,EA-00 inventory; DS-03 closure prerequisite BLOCKED,Status unchanged after EA-00..05; enablement/tooling distinct from closure; resolved canonical blockers 0
PKG-DS04,DS-05,Adopted load inputs,Adopted models factors combinations and application order,Closed DS-04 source packages linked to each DS-05 use,Acquire BLK-S1-004 evidence and independently review factor ownership,Authorized standards evidence and checksum tools,Authorized R7 access,Load-side factors and combinations are source-complete and applied exactly once,BLOCKS_NUMERIC_RELEASE,Load Owner,BLOCKED_WITH_EXACT_EVIDENCE_REQUIREMENT,EA-00 inventory; DS-04 closure prerequisite BLOCKED,Status unchanged after EA-00..05; enablement/tooling distinct from closure; resolved canonical blockers 0
PKG-SCOPE-P1B,DS-05,Phase 1B scope,Formal member and design-check applicability decision resolving Step1 boundary conflict,Signed supervisor Phase 1B member/check table and decision ID,Review current scope artifacts without changing historical records,Document review and decision-signing facility,NOT_APPLICABLE,One unambiguous scope table governs every verification case,BLOCKS_NUMERIC_RELEASE,Supervisor,BLOCKED_WITH_EXACT_EVIDENCE_REQUIREMENT,EA-00 inventory; Phase 1B scope decision BLOCKED,Status unchanged after EA-00..05; enablement/tooling distinct from closure; resolved canonical blockers 0
BLK-S1-011,DS-00/DS-06,Analyzer physical I/O evidence,Canonical input/output formats field mappings acceptance probe and external build identity,DS-06 machine-evidence closure manifest mapping every AN-BLK-001 through AN-BLK-010 acceptance,Acquire authorized Analyzer documentation and supervised machine captures under DS-06 safe procedures,Selected Analyzer evidence register and checksum tools,Named valid entitlement,All ten AN blocker packages pass and the canonical Analyzer relationship version and format are fixed,BLOCKS_NUMERIC_RELEASE,Analyzer Owner,BLOCKED_WITH_EXACT_EVIDENCE_REQUIREMENT,EA-01 harness; EA-03 run package; machine evidence BLOCKED,Status unchanged after EA-00..05; enablement/tooling distinct from closure; resolved canonical blockers 0
PKG-DS06,DS-05/DS-06,Analyzer response mapping,Response unit sign coordinate I-J context and envelope mapping needed by verification,Accepted DS-06 machine bundle linked to DS-05 response quantities,Close BLK-S1-011 and AN-BLK-001 through AN-BLK-010 then independently map DS-05 rows,Selected Analyzer mapping independent calculation and checksum tools,Named valid entitlement,Every DS-05 response quantity maps without ambiguity and retains load-case context,BLOCKS_NUMERIC_RELEASE,Analyzer Mapping Owner,BLOCKED_WITH_EXACT_EVIDENCE_REQUIREMENT,EA-01 harness; EA-03 run package; DS-06 closure BLOCKED,Status unchanged after EA-00..05; enablement/tooling distinct from closure; resolved canonical blockers 0
AN-BLK-001,DS-06,Analyzer identity,Installed products modules processes versions builds relationships and checksums,Authorized identity bundle for Analyzer SPACER and STATICS,Apply DS-06 identity procedure on licensed machine,Vendor identity facility and SHA-256 tool,Named valid entitlement,Every identity and relationship is unique and checksum-bound,BLOCKS_NUMERIC_RELEASE,Analyzer Owner,BLOCKED_WITH_EXACT_EVIDENCE_REQUIREMENT,EA-01 evidence harness COMPLETE; EA-03 external run package COMPLETE; machine capture BLOCKED,POST-EA-01 fixed only reference host metadata and manual checksum; no installed executable identity captured; resolved canonical blockers 0
AN-BLK-002,DS-06,Invocation and physical files,Command arguments environment working directory and complete physical file behavior,Minimal valid isolated run bundle with before-after manifest and all SHA-256 values,Run vendor-supported invocation on copied fixture,Selected executable/service and checksum tool,Named valid entitlement,Fresh parseable current-input-bound output and complete observables,BLOCKS_NUMERIC_RELEASE,Analyzer Owner,BLOCKED_WITH_EXACT_EVIDENCE_REQUIREMENT,EA-01 evidence harness COMPLETE; EA-03 external run package COMPLETE; machine capture BLOCKED,Status unchanged after EA-00..05; enablement/tooling distinct from closure; resolved canonical blockers 0
AN-BLK-003,DS-06,Units and representation,Input-unit binding conversion encoding locale decimal exponent and precision,Dimensioned repository and native locale probe bundle,Run fixed dimensioned probes in supported locales,Repository API selected analyzer and checksum tool,Named valid entitlement for external runs,Every quantity has verified unit conversion and deterministic representation,BLOCKS_NUMERIC_RELEASE,Analyzer Owner,BLOCKED_WITH_EXACT_EVIDENCE_REQUIREMENT,EA-01 evidence harness COMPLETE; EA-03 external run package COMPLETE; machine capture BLOCKED,Status unchanged after EA-00..05; enablement/tooling distinct from closure; resolved canonical blockers 0
AN-BLK-004,DS-06,Coordinates DOF I-J and signs,External bases ordering end mapping and all action/reaction signs,Positive-component asymmetric reversal bundle with transformations and equilibrium,Run DS-06 sign and coordinate probe suite,Selected analyzer independent calculation and checksum tools,Named valid entitlement,Mapping is unique invertible and closes equilibrium within predeclared tolerance,BLOCKS_NUMERIC_RELEASE,Analyzer Owner,BLOCKED_WITH_EXACT_EVIDENCE_REQUIREMENT,EA-01 evidence harness COMPLETE; EA-03 external run package COMPLETE; machine capture BLOCKED,Status unchanged after EA-00..05; enablement/tooling distinct from closure; resolved canonical blockers 0
AN-BLK-005,DS-06,Error exit and license,Valid and negative process status logs error and license signatures,Complete valid missing malformed unsupported and license-failure bundle,Run vendor-approved negative procedures on non-production host,Selected analyzer license facility and checksum tool,Named valid and approved test states,Every failure is distinguishable and cannot publish success,BLOCKS_NUMERIC_RELEASE,Analyzer Owner,BLOCKED_WITH_EXACT_EVIDENCE_REQUIREMENT,EA-01 evidence harness COMPLETE; EA-03 external run package COMPLETE; machine capture BLOCKED,Status unchanged after EA-00..05; enablement/tooling distinct from closure; resolved canonical blockers 0
AN-BLK-006,DS-06,Staleness overwrite and malformed output,Run provenance overwrite atomicity stale detection and corrupt-output rejection,Seeded stale collision and corrupt-copy evidence bundle,Use isolated copies and documented ingestion path,Selected analyzer repository importer and checksum tool,Named valid entitlement,Only fresh checksum-bound complete output is selectable,BLOCKS_NUMERIC_RELEASE,Analyzer Owner,BLOCKED_WITH_EXACT_EVIDENCE_REQUIREMENT,EA-01 evidence harness COMPLETE; EA-03 external run package COMPLETE; machine capture BLOCKED,Status unchanged after EA-00..05; enablement/tooling distinct from closure; resolved canonical blockers 0
AN-BLK-007,DS-06,Timeout cancellation concurrency and recovery,Process trees locks cleanup license seats crash and rerun behavior,Approved timeout cancel concurrent and crash-recovery bundles,Use vendor-supported operations on approved non-production host,Process inspection selected analyzer and checksum tool,Named entitlement with seat policy,No mixed output orphan process stale lock or publishable partial result,BLOCKS_NUMERIC_RELEASE,Analyzer Owner,BLOCKED_WITH_EXACT_EVIDENCE_REQUIREMENT,EA-01 evidence harness COMPLETE; EA-03 external run package COMPLETE; machine capture BLOCKED,Status unchanged after EA-00..05; enablement/tooling distinct from closure; resolved canonical blockers 0
AN-BLK-008,DS-06,Reproducibility,Allowed variable metadata and repeat numeric stability,Three isolated identical-setting run bundles,Run fixed representative fixture three times,Selected analyzer normalization comparison and checksum tools,Named valid entitlement,All runs satisfy predeclared normalization and tolerance,BLOCKS_NUMERIC_RELEASE,Analyzer Owner,BLOCKED_WITH_EXACT_EVIDENCE_REQUIREMENT,EA-01 evidence harness COMPLETE; EA-03 external run package COMPLETE; machine capture BLOCKED,Status unchanged after EA-00..05; enablement/tooling distinct from closure; resolved canonical blockers 0
AN-BLK-009,DS-06,CSV PDF and mock authority,Native lineage producer version coverage rounding and bypass rejection,Native IF3 CSV PDF and mock-negative lineage bundle,Run fixed native case then documented repository exports,Selected analyzer repository export and checksum tools,Named valid entitlement,Only live IF3 is authoritative and derived artifacts declare omissions/rounding,BLOCKS_NUMERIC_RELEASE,Output Owner,BLOCKED_WITH_EXACT_EVIDENCE_REQUIREMENT,EA-01 evidence harness COMPLETE; EA-03 external run package COMPLETE; machine capture BLOCKED,Status unchanged after EA-00..05; enablement/tooling distinct from closure; resolved canonical blockers 0
AN-BLK-010,DS-06,Load case and combination mapping,Native and repository case/combination identities coefficients and contexts,One-case and asymmetric two-case combination mapping bundles,Run fixed native cases then documented import,Selected analyzer repository adapter and checksum tools,Named valid entitlement,Cases map bijectively and combinations retain semantics or reject explicitly,BLOCKS_NUMERIC_RELEASE,Load Mapping Owner,BLOCKED_WITH_EXACT_EVIDENCE_REQUIREMENT,EA-01 evidence harness COMPLETE; EA-03 external run package COMPLETE; machine capture BLOCKED,Status unchanged after EA-00..05; enablement/tooling distinct from closure; resolved canonical blockers 0
GOLD-BLK-001,DS-07,Analytical Goldens,Independent derivations signed conventions checksums error bounds and approvals,One immutable derivation package for GOLD-001 through GOLD-005,Derive without Apollo output and independently review,Independent calculation and checksum tools,NOT_APPLICABLE,Two independent derivations agree for each expected quantity,BLOCKS_NUMERIC_RELEASE,Golden Custodian,BLOCKED_WITH_EXACT_EVIDENCE_REQUIREMENT,EA-02 analytical golden package COMPLETE; TOOLING_REVIEWED_NOT_GOLD_APPROVED; D-005 organizational closure BLOCKED,Status unchanged after EA-00..05; enablement/tooling distinct from closure; resolved canonical blockers 0
GOLD-BLK-002,DS-07,Golden tolerance,Per-quantity absolute relative zero precision rounding conversion and comparison rules,Approved tolerance worksheet linked to every case,Establish error budget before first implementation comparison,Independent calculation and review tools,Reference license only if documentation is needed,All tolerance facets are justified frozen and nonblank,BLOCKS_NUMERIC_RELEASE,Golden Custodian,BLOCKED_WITH_EXACT_EVIDENCE_REQUIREMENT,EA-02 analytical golden package COMPLETE; TOOLING_REVIEWED_NOT_GOLD_APPROVED; D-005 organizational closure BLOCKED,Status unchanged after EA-00..05; enablement/tooling distinct from closure; resolved canonical blockers 0
GOLD-BLK-003,DS-07,Reference software Goldens,Fixed reference identity settings mappings checksums and repeat runs,Licensed native input/output bundle for GOLD-006 and GOLD-010,Follow DS-06 machine procedure and retain three runs,Selected reference software and checksum tools,Named valid entitlement,Three runs reproduce and every value traces to native output,BLOCKS_NUMERIC_RELEASE,Reference Software Owner,BLOCKED_WITH_EXACT_EVIDENCE_REQUIREMENT,EA-02 tooling partial; EA-03 runbook COMPLETE; reference software capture BLOCKED,POST-EA-01 captured no reference software runs; blocker unchanged; resolved canonical blockers 0
GOLD-BLK-004,DS-07,Serialization Golden,Independent parent oracle canonicalization and immutable artifacts,Canonical serialization package with parent Golden link,Generate only from independently approved contract fixture,Repository serializer and checksum tool,NOT_APPLICABLE,Round trip preserves governed semantics without circular oracle,BLOCKS_NUMERIC_RELEASE,Contract Owner,BLOCKED_WITH_EXACT_EVIDENCE_REQUIREMENT,EA-02 regression/serialization tooling; independent approval BLOCKED,Status unchanged after EA-00..05; enablement/tooling distinct from closure; resolved canonical blockers 0
GOLD-BLK-005,DS-07,Bridge reference cases,Approved four five and six main-girder models and licensed results,Three complete native/repository model evidence bundles,Acquire lawful non-production models and run fixed identity,Selected reference software mapping and checksum tools,Named valid entitlement,Topology loads conventions and repeat results are complete and approved,BLOCKS_NUMERIC_RELEASE,Bridge Model Owner,BLOCKED_WITH_EXACT_EVIDENCE_REQUIREMENT,EA-02 tooling partial; EA-03 runbook COMPLETE; reference software capture BLOCKED,Status unchanged after EA-00..05; enablement/tooling distinct from closure; resolved canonical blockers 0
GOLD-BLK-006,DS-07,Negative Goldens,Independent failure contracts statuses diagnostics and absence rules,Immutable negative package for GOLD-012 through GOLD-014,Derive from schema/authority before running implementation,Schema validator IF3 gate and checksum tools,NOT_APPLICABLE,Named rejection occurs with no authoritative output,BLOCKS_NUMERIC_RELEASE,Contract Owner,BLOCKED_WITH_EXACT_EVIDENCE_REQUIREMENT,EA-02 regression/serialization tooling; independent approval BLOCKED,Status unchanged after EA-00..05; enablement/tooling distinct from closure; resolved canonical blockers 0
GOLD-BLK-007,DS-07,Design verification Golden,Adopted predecessor numerics and independent design derivation,Immutable source input derivation expected verdict package,Clear DS-02 through DS-05 then derive without Apollo,Authorized standards independent calculation and checksum tools,Authorized R7 and JIS access,Every value traces to adopted source and verdict is independently reproduced,BLOCKS_NUMERIC_RELEASE,Verification Owner,BLOCKED_WITH_EXACT_EVIDENCE_REQUIREMENT,EA-02 tooling; DS-02..05 source prerequisites BLOCKED,Status unchanged after EA-00..05; enablement/tooling distinct from closure; resolved canonical blockers 0
GOLD-BLK-008,DS-07,Export Golden,Approved parent numeric Golden live IF3 and internal/display export evidence,Immutable source IF3 CSV PDF and lineage manifest,Run only after live authority passes and independently inspect exports,Repository export PDF inspection and checksum tools,NOT_APPLICABLE,No bypass all fields covered and rounding lineage explicit,BLOCKS_NUMERIC_RELEASE,Export Owner,BLOCKED_WITH_EXACT_EVIDENCE_REQUIREMENT,EA-02 export tooling; parent Golden and live IF3 authority BLOCKED,Status unchanged after EA-00..05; enablement/tooling distinct from closure; resolved canonical blockers 0
PAR-BLK-001,DS-08,Reference identity,Installed SPACER STATICS and related identity/version/checksum evidence,Authorized version/build/executable/service manifest,Apply DS-06 safe identity procedure,Installed product facility and SHA-256 tool,Named valid entitlement,Every product/module/process relationship is fixed,BLOCKS_NUMERIC_RELEASE,Reference Software Owner,BLOCKED_WITH_EXACT_EVIDENCE_REQUIREMENT,EA-04 parity harness COMPLETE; EA-03 SPACER runbook; actual SPACER capture BLOCKED,Status unchanged after EA-00..05; enablement/tooling distinct from closure; resolved canonical blockers 0
PAR-BLK-002,DS-08,Input and topology semantics,Native schemas meanings identities topology and transformation,Checksum-fixed native/Apollo model pairs and mapping spec,Export permitted inputs and map before results,SPACER input mapping and checksum tools,Named valid entitlement,Bijective complete round-trip mapping has no ambiguity,BLOCKS_NUMERIC_RELEASE,Model Mapping Owner,BLOCKED_WITH_EXACT_EVIDENCE_REQUIREMENT,EA-04 parity harness COMPLETE; EA-03 SPACER runbook; actual SPACER capture BLOCKED,Status unchanged after EA-00..05; enablement/tooling distinct from closure; resolved canonical blockers 0
PAR-BLK-003,DS-08,Coordinates DOF I-J and signs,SPACER bases ordering end mapping and all signs,Positive-component transformation/equilibrium bundle,Run fixed coordinate/sign probes,SPACER STATICS independent calculation and checksum tools,Named valid entitlement,Predefined invertible mapping closes equilibrium,BLOCKS_NUMERIC_RELEASE,Parity Owner,BLOCKED_WITH_EXACT_EVIDENCE_REQUIREMENT,EA-04 parity harness COMPLETE; EA-03 SPACER runbook; actual SPACER capture BLOCKED,Status unchanged after EA-00..05; enablement/tooling distinct from closure; resolved canonical blockers 0
PAR-BLK-004,DS-08,Load cases and combinations,Native identities components coefficients applications and contexts,One-case and asymmetric combination evidence bundles,Run fixed models and review mapping before comparison,SPACER STATICS mapping and checksum tools,Named valid entitlement,Cases and combinations preserve all semantics or reject explicitly,BLOCKS_NUMERIC_RELEASE,Load Mapping Owner,BLOCKED_WITH_EXACT_EVIDENCE_REQUIREMENT,EA-04 parity harness COMPLETE; EA-03 SPACER runbook; actual SPACER capture BLOCKED,Status unchanged after EA-00..05; enablement/tooling distinct from closure; resolved canonical blockers 0
PAR-BLK-005,DS-08,Actual numeric results,Fixed native full-precision three-run results and Apollo bundle,Three native runs Apollo output and full comparison manifest,Acquire after semantic and Golden gates close,SPACER STATICS Apollo analyzer comparison and checksum tools,Named valid entitlement,All components units mappings tolerances and coverage pass,BLOCKS_NUMERIC_RELEASE,Numeric Parity Owner,BLOCKED_WITH_EXACT_EVIDENCE_REQUIREMENT,EA-04 parity harness COMPLETE; EA-03 SPACER runbook; actual SPACER capture BLOCKED,POST-EA-01 produced blocker-specific parity placeholders only; no actual SPACER outputs captured; resolved canonical blockers 0
PAR-BLK-006,DS-08,Comparison harness,Fail-closed symmetric coverage and tolerance behavior,Versioned design-numeric-free negative validation bundle,Build non-product harness before release and independently test,Repository test runner and checksum tool,NOT_APPLICABLE,No false PASS for missing extra duplicate malformed empty or near-zero data,BLOCKS_AUTOMATED_PARITY_CLAIM,Comparison Tool Owner,BLOCKED_WITH_EXACT_EVIDENCE_REQUIREMENT,EA-04 parity harness COMPLETE; EA-05 dry run OPERATIONAL; WI-001 organizational sign-off BLOCKED,Status unchanged after EA-00..05; enablement/tooling distinct from closure; resolved canonical blockers 0
PAR-BLK-007,DS-08,Materials and stiffness,Adopted material sources and native formulation mapping,Immutable source and native/Apollo property mapping bundle,Clear predecessor sources then map fixed probes,Authorized standards SPACER and checksum tools,Authorized standards plus named SPACER entitlement,Every property is sourced and formulation-mapped,BLOCKS_NUMERIC_RELEASE,Material Owner,BLOCKED_WITH_EXACT_EVIDENCE_REQUIREMENT,EA-04 parity harness COMPLETE; EA-03 SPACER runbook; actual SPACER capture BLOCKED,Status unchanged after EA-00..05; enablement/tooling distinct from closure; resolved canonical blockers 0
PAR-BLK-008,DS-08,Report drawing and file parity,Producer precision layouts schemas encoding rounding and samples,Checksum-fixed native/Apollo output bundle with semantic map,Export fixed identities and compare predeclared fields,SPACER output Apollo visual and checksum tools,Named valid entitlement,Producer precision field coverage encoding and exclusions are approved,BLOCKS_OUTPUT_PARITY_CLAIMS,Output Owner,BLOCKED_WITH_EXACT_EVIDENCE_REQUIREMENT,EA-04 parity harness COMPLETE; EA-03 SPACER runbook; actual SPACER capture BLOCKED,Status unchanged after EA-00..05; enablement/tooling distinct from closure; resolved canonical blockers 0
