name,implementation_path,responsibility,source_of_truth,references,persistence_unit,persistence_kind,protected_core,classification,backup_target,package_target,migration_target,deletable,regenerable
BusinessProject,contracts/engineeringProject.ts,personal project container (manifest/ToC),business-project.json,roadRefs/bridgeProjectRefs/analysisRefs/sharedDatasetRefs/deliverableRefs,1 file business-project.json,canonical manifest,NONE,A CANONICAL,yes,yes,yes,persistent,no
ProjectMetadata,engineeringProject.ts(manifest fields),project metadata (number/name/stage/coord),manifest inline,owner BusinessProject,manifest inline,embed in manifest,NONE,A CANONICAL,yes,yes,yes,persistent,no
Road,"frontend/src/contracts/roadDesignDocument.ts",road alignment/station/profile/xsection/bridges,roads/<roadId>.road.json,coordinateContexts/stationing/profiles/alignments/bridges,1 file per Road,canonical document,NONE,A CANONICAL,yes,yes,yes,persistent,no
RoadSection,in-doc entity of road-design,discontinuous road section,road-design doc internal,parent Road,stable entity in doc,entity in doc,NONE,A CANONICAL,yes,yes(docs with road),persistent,no
Alignment,road-design RoadAlignmentEntry,centerline geometry,road-design doc internal,RoadSection,stable entity in doc,entity in doc,NONE,A CANONICAL,yes,yes,yes,persistent,no
BridgeProject,bridgeProject/*.ts+contracts/bridgeProject.ts,1-bridge shared model (CBDM+manifest+S/B),bridges/<bridgeId>/{cbdm,manifest,superstructure,substructure},alignmentRef(s)/terrainRef,1 folder 4 docs (canonical),Protected Core,YES,A CANONICAL,yes,yes,yes(reuse),no,persistent,no
Superstructure,bridgeProject/superstructureAdapter.ts+BSSD,shared superstructure facts,bridges/<bridgeId>/superstructure.json,manifest,child doc of BridgeProject,canonical doc,YES,A CANONICAL,yes,yes,reuse,no,persistent,no
Substructure,substructure/*,substructure placement/supports,bridges/<bridgeId>/substructure.json,alignmentId+supportId,child doc,canonical doc,YES,A CANONICAL,yes,yes,reuse,no,persistent,no
Analysis,contracts/bridgeFrameAnalysisDocument.ts,N:K FEM analysis model+settings,analyses/<analysisId>/document.json,subjectRef (bridge/road/member),1 file,canonical document,NONE,A CANONICAL,yes,yes,yes,persistent,no
AnalysisResult,contracts (persisted-result kind),solver outputs (displacement/reaction/force),analyses/<analysisId>/results/<resultId>.json,Analysis subjectRef,1 file + resources/,B RESULT,yes,yes,yes(yes for audit),user,yes(regen),yes
TerrainDataset,shared/datasets/<id>.json,terrain heightfield/pointcloud,descriptor doc + resources/<sha> binary,ImmutableResourceReference,1 descriptor doc,canonical doc,NONE,A CANONICAL,yes,yes,yes,persistent,no
ExistingConditionDataset,shared/datasets/<id>.json,existing structures/river/rail/utilities,descriptor doc + resources/<sha>,ImmutableResourceReference,1 descriptor doc,canonical doc,NONE,A CANONICAL,yes,yes,yes,persistent,no
Deliverable,deliverables/<id>/deliverable.json,generated outputs (CSV/PDF/DXF/STL),deliverable doc + resources/<sha>,sourceRefs,1 file + resources/,canonical doc,NO,B RESULT,yes,yes,yes,user,yes(regen),yes
Attachment/SourceDocument,manifest attachmentRefs or attachments doc,source PDF/drawing,resources/<sha> or attachments/,ImmutableResourceReference,NONE,B CANONICAL,yes,yes,yes,persistent,no
Resource(binary),resources/<sha>.<ext>,immutable binary blob (terrain/imagery/PDF/STL/CSV/DXF),resources/<sha256>.<ext>,ImmutableResourceReference(content-addressed),immutable file,binary resource,NONE,A CANONICAL,yes,yes,yes,persistent,no
ViewerCache,.system/cache/,viewer scene/thumbnail/preview,.system/cache/,viewerState,regenerable files,C CACHE,no,NO,regenerable,no,NO,yes,yes
Autosave,.system/autosave/,autosave candidate (formal vs autosave),.system/autosave/,dirty manifest+children,staging files,B/C mix,persistent,no,NO,NO,NO,yes(after commit),yes
RecoveryJournal,.system/recovery/transaction.json,crash transaction intent log,.system/recovery/,intent log,single journal file,NOT a doc,B/C mix,persistent,no,NO,NO,NO,yes(after commit),yes
HistoryLog,.system/history/<rev>.json,append-only revision log,.system/history/,changedEntityRefs,canonical log lines,append-only log,NO,B RESULT,yes,yes(optional),yes,yes,no,yes(rebuild)
