drawing_sheet_number,pdf_page_number,drawing_group,drawing_title,extraction_status,verification_status
1,3,location,位置図,NOT_STARTED,UNVERIFIED
2,4,general,橋梁一般図（その1）,NOT_STARTED,UNVERIFIED
3,5,general,橋梁一般図（その2）,NOT_STARTED,UNVERIFIED
4,6,general,橋梁一般図（その3）,NOT_STARTED,UNVERIFIED
5,7,quantities,数量総括表（その1）,NOT_STARTED,UNVERIFIED
6,8,quantities,数量総括表（その2）,NOT_STARTED,UNVERIFIED
7,9,quantities,数量総括表（その3）,NOT_STARTED,UNVERIFIED
8,10,structure_general,上部工構造一般図（その1）,NOT_STARTED,UNVERIFIED
9,11,structure_general,上部工構造一般図（その2）,NOT_STARTED,UNVERIFIED
10,12,alignment,線形図（その1）,NOT_STARTED,UNVERIFIED
11,13,alignment,線形図（その2）,NOT_STARTED,UNVERIFIED
12,14,alignment,線形図（その3）,NOT_STARTED,UNVERIFIED
13,15,cross_section,断面構成図（その1）,NOT_STARTED,UNVERIFIED
14,16,cross_section,断面構成図（その2）,NOT_STARTED,UNVERIFIED
15,17,cross_section,断面構成図（その3）,NOT_STARTED,UNVERIFIED
16,18,cross_section,断面構成図（その4）,NOT_STARTED,UNVERIFIED
17,19,common_detail,共通詳細図（その1）,NOT_STARTED,UNVERIFIED
18,20,common_detail,共通詳細図（その2）,NOT_STARTED,UNVERIFIED
19,21,common_detail,共通詳細図（その3）,NOT_STARTED,UNVERIFIED
20,22,camber,キャンバー図,NOT_STARTED,UNVERIFIED
21,23,main_girder_AG1,主桁AG1（その1）,NOT_STARTED,UNVERIFIED
22,24,main_girder_AG1,主桁AG1（その2）,NOT_STARTED,UNVERIFIED
23,25,main_girder_AG1,主桁AG1（その3）,NOT_STARTED,UNVERIFIED
24,26,main_girder_AG1,主桁AG1（その4）,NOT_STARTED,UNVERIFIED
25,27,main_girder_AG1,主桁AG1（その5）,NOT_STARTED,UNVERIFIED
26,28,main_girder_AG1,主桁AG1（その6）,NOT_STARTED,UNVERIFIED
27,29,main_girder_AG1,主桁AG1（その7）,NOT_STARTED,UNVERIFIED
28,30,main_girder_AG1,主桁AG1（その8）,NOT_STARTED,UNVERIFIED
29,31,main_girder_AG1,主桁AG1（その9）,NOT_STARTED,UNVERIFIED
30,32,main_girder_AG2,主桁AG2（その1）,NOT_STARTED,UNVERIFIED
31,33,main_girder_AG2,主桁AG2（その2）,NOT_STARTED,UNVERIFIED
32,34,main_girder_AG2,主桁AG2（その3）,NOT_STARTED,UNVERIFIED
33,35,main_girder_AG2,主桁AG2（その4）,NOT_STARTED,UNVERIFIED
34,36,main_girder_AG2,主桁AG2（その5）,NOT_STARTED,UNVERIFIED
35,37,main_girder_AG2,主桁AG2（その6）,NOT_STARTED,UNVERIFIED
36,38,main_girder_AG2,主桁AG2（その7）,NOT_STARTED,UNVERIFIED
37,39,main_girder_AG2,主桁AG2（その8）,NOT_STARTED,UNVERIFIED
38,40,main_girder_AG2,主桁AG2（その9）,NOT_STARTED,UNVERIFIED
39,41,stud_layout,スタッド配置図（その1）,NOT_STARTED,UNVERIFIED
40,42,stud_layout,スタッド配置図（その2）,NOT_STARTED,UNVERIFIED
41,43,stud_layout,スタッド配置図（その3）,NOT_STARTED,UNVERIFIED
42,44,stud_layout,スタッド配置図（その4）,NOT_STARTED,UNVERIFIED
43,45,stud_layout,スタッド配置図（その5）,NOT_STARTED,UNVERIFIED
44,46,stud_layout,スタッド配置図（その6）,NOT_STARTED,UNVERIFIED
45,47,end_cross_beam,端横桁（その1）,NOT_STARTED,UNVERIFIED
46,48,end_cross_beam,端横桁（その2）,NOT_STARTED,UNVERIFIED
47,49,pier_cross_beam,中間支点横桁（その1）,NOT_STARTED,UNVERIFIED
48,50,pier_cross_beam,中間支点横桁（その2）,NOT_STARTED,UNVERIFIED
49,51,intermediate_cross_beam,中間横桁（その1）,NOT_STARTED,UNVERIFIED
50,52,intermediate_cross_beam,中間横桁（その2）,NOT_STARTED,UNVERIFIED
51,53,intermediate_cross_beam,中間横桁（その3）,NOT_STARTED,UNVERIFIED
52,54,intermediate_cross_beam,中間横桁（その4）,NOT_STARTED,UNVERIFIED
53,55,intermediate_cross_beam,中間横桁（その5）,NOT_STARTED,UNVERIFIED
54,56,intermediate_cross_beam,中間横桁（その6）,NOT_STARTED,UNVERIFIED
55,57,intermediate_cross_beam,中間横桁（その7）,NOT_STARTED,UNVERIFIED
56,58,intermediate_cross_beam,中間横桁（その8）,NOT_STARTED,UNVERIFIED
57,59,intermediate_cross_beam,中間横桁（その9）,NOT_STARTED,UNVERIFIED
58,60,intermediate_cross_beam,中間横桁（その10）,NOT_STARTED,UNVERIFIED
59,61,intermediate_cross_beam,中間横桁（その11）,NOT_STARTED,UNVERIFIED
60,62,intermediate_cross_beam,中間横桁（その12）,NOT_STARTED,UNVERIFIED
61,63,lateral_bracing,上下横構（その1）,NOT_STARTED,UNVERIFIED
62,64,lateral_bracing,上下横構（その2）,NOT_STARTED,UNVERIFIED
63,65,lateral_bracing,上下横構（その3）,NOT_STARTED,UNVERIFIED
64,66,lateral_bracing,上下横構（その4）,NOT_STARTED,UNVERIFIED
65,67,lateral_bracing,上下横構（その5）,NOT_STARTED,UNVERIFIED
66,68,lateral_bracing,上下横構（その6）,NOT_STARTED,UNVERIFIED
67,69,lateral_bracing,上下横構（その7）,NOT_STARTED,UNVERIFIED
68,70,lateral_bracing,上下横構（その8）,NOT_STARTED,UNVERIFIED
69,71,lateral_bracing,上下横構（その9）,NOT_STARTED,UNVERIFIED
70,72,lateral_bracing,上下横構（その10）,NOT_STARTED,UNVERIFIED
71,73,lateral_bracing,上下横構（その11）,NOT_STARTED,UNVERIFIED
72,74,wrapping_concrete,巻き立てコンクリート（その1）,NOT_STARTED,UNVERIFIED
73,75,wrapping_concrete,巻き立てコンクリート（その2）,NOT_STARTED,UNVERIFIED
74,76,wrapping_concrete,巻き立てコンクリート（その3）,NOT_STARTED,UNVERIFIED
75,77,wrapping_concrete,巻き立てコンクリート（その4）,NOT_STARTED,UNVERIFIED
76,78,wrapping_concrete,巻き立てコンクリート（その5）,NOT_STARTED,UNVERIFIED
77,79,wrapping_concrete,巻き立てコンクリート（その6）,NOT_STARTED,UNVERIFIED
78,80,wrapping_concrete,巻き立てコンクリート（その7）,NOT_STARTED,UNVERIFIED
79,81,wrapping_concrete,巻き立てコンクリート（その8）,NOT_STARTED,UNVERIFIED
80,82,wrapping_concrete_stud,巻き立てコンクリートスタッド図（その1）,NOT_STARTED,UNVERIFIED
81,83,wrapping_concrete_stud,巻き立てコンクリートスタッド図（その2）,NOT_STARTED,UNVERIFIED
82,84,wrapping_concrete_stud,巻き立てコンクリートスタッド図（その3）,NOT_STARTED,UNVERIFIED
83,85,wrapping_concrete_stud,巻き立てコンクリートスタッド図（その4）,NOT_STARTED,UNVERIFIED
84,86,composite_deck_layout,合成床版割付図,NOT_STARTED,UNVERIFIED
85,87,bearing_detail,支承詳細図（その1）,NOT_STARTED,UNVERIFIED
86,88,bearing_detail,支承詳細図（その2）,NOT_STARTED,UNVERIFIED
87,89,bearing_detail,支承詳細図（その3）,NOT_STARTED,UNVERIFIED
88,90,bearing_detail,支承詳細図（その4）,NOT_STARTED,UNVERIFIED
89,91,expansion_joint,伸縮装置（その1）,NOT_STARTED,UNVERIFIED
90,92,expansion_joint,伸縮装置（その2）,NOT_STARTED,UNVERIFIED
91,93,expansion_joint,伸縮装置（その3）,NOT_STARTED,UNVERIFIED
92,94,expansion_joint,伸縮装置（その4）,NOT_STARTED,UNVERIFIED
93,95,parapet_reinforcement,壁高欄配筋図（その1）,NOT_STARTED,UNVERIFIED
94,96,parapet_reinforcement,壁高欄配筋図（その2）,NOT_STARTED,UNVERIFIED
95,97,parapet_reinforcement,壁高欄配筋図（その3）,NOT_STARTED,UNVERIFIED
96,98,parapet_reinforcement,壁高欄配筋図（その4）,NOT_STARTED,UNVERIFIED
97,99,parapet_reinforcement,壁高欄配筋図（その5）,NOT_STARTED,UNVERIFIED
98,100,parapet_reinforcement,壁高欄配筋図（その6）,NOT_STARTED,UNVERIFIED
99,101,parapet_reinforcement,壁高欄配筋図（その7）,NOT_STARTED,UNVERIFIED
100,102,lighting_pedestal,照明受台配筋図,NOT_STARTED,UNVERIFIED
101,103,deck_drainage,上部工排水装置（その1）,NOT_STARTED,UNVERIFIED
102,104,deck_drainage,上部工排水装置（その2）,NOT_STARTED,UNVERIFIED
103,105,deck_drainage,上部工排水装置（その3）,NOT_STARTED,UNVERIFIED
104,106,deck_drainage,上部工排水装置（その4）,NOT_STARTED,UNVERIFIED
105,107,deck_drainage,上部工排水装置（その5）,NOT_STARTED,UNVERIFIED
106,108,deck_drainage,上部工排水装置（その6）,NOT_STARTED,UNVERIFIED
107,109,deck_drainage,上部工排水装置（その7）,NOT_STARTED,UNVERIFIED
108,110,deck_drainage,上部工排水装置（その8）,NOT_STARTED,UNVERIFIED
109,111,deck_drainage,上部工排水装置（その9）,NOT_STARTED,UNVERIFIED
110,112,deck_drainage,上部工排水装置（その10）,NOT_STARTED,UNVERIFIED
111,113,deck_drainage,上部工排水装置（その11）,NOT_STARTED,UNVERIFIED
112,114,substructure_drainage,下部工排水装置（その1）,NOT_STARTED,UNVERIFIED
113,115,substructure_drainage,下部工排水装置（その2）,NOT_STARTED,UNVERIFIED
114,116,substructure_drainage,下部工排水装置（その3）,NOT_STARTED,UNVERIFIED
115,117,bridge_deck_drainage,橋面排水工,NOT_STARTED,UNVERIFIED
116,118,superstructure_inspection,上部工検査路（その1）,NOT_STARTED,UNVERIFIED
117,119,superstructure_inspection,上部工検査路（その2）,NOT_STARTED,UNVERIFIED
118,120,superstructure_inspection,上部工検査路（その3）,NOT_STARTED,UNVERIFIED
119,121,superstructure_inspection,上部工検査路（その4）,NOT_STARTED,UNVERIFIED
120,122,superstructure_inspection,上部工検査路（その5）,NOT_STARTED,UNVERIFIED
121,123,superstructure_inspection,上部工検査路（その6）,NOT_STARTED,UNVERIFIED
122,124,superstructure_inspection,上部工検査路（その7）,NOT_STARTED,UNVERIFIED
123,125,superstructure_inspection,上部工検査路（その8）,NOT_STARTED,UNVERIFIED
124,126,superstructure_inspection,上部工検査路（その9）,NOT_STARTED,UNVERIFIED
125,127,superstructure_inspection,上部工検査路（その10）,NOT_STARTED,UNVERIFIED
126,128,substructure_inspection,下部工検査路（その1）,NOT_STARTED,UNVERIFIED
127,129,substructure_inspection,下部工検査路（その2）,NOT_STARTED,UNVERIFIED
128,130,substructure_inspection,下部工検査路（その3）,NOT_STARTED,UNVERIFIED
129,131,substructure_inspection,下部工検査路（その4）,NOT_STARTED,UNVERIFIED
130,132,substructure_inspection,下部工検査路（その5）,NOT_STARTED,UNVERIFIED
131,133,slope_stairs,法面階段,NOT_STARTED,UNVERIFIED
132,134,falling_object_prevention,落下物防止柵 (参考図),NOT_STARTED,UNVERIFIED
133,135,spalling_prevention,剥落防止対策工（その1）,NOT_STARTED,UNVERIFIED
134,136,spalling_prevention,剥落防止対策工（その2）,NOT_STARTED,UNVERIFIED
135,137,step_prevention,段差防止構造（その1）,NOT_STARTED,UNVERIFIED
136,138,step_prevention,段差防止構造（その2）,NOT_STARTED,UNVERIFIED
137,139,nameplate,橋名板・橋歴板 (参考図),NOT_STARTED,UNVERIFIED
138,140,nose_guardrail,ノーズ部ガードレール (参考図)（その1）,NOT_STARTED,UNVERIFIED
139,141,nose_guardrail,ノーズ部ガードレール (参考図)（その2）,NOT_STARTED,UNVERIFIED
140,142,nose_water_stop,ノーズ部止水構造図 (参考図),NOT_STARTED,UNVERIFIED
141,143,erection_plan,架設計画図,NOT_STARTED,UNVERIFIED
